transaction_count,avg_amount,total_amount,fraud_count,fraud_rate,transaction_count_zscore,avg_amount_zscore,total_amount_zscore,fraud_rate_zscore,anomaly_type
608,2325.1013980263156,1413661.65,518,85.19736842105263,-0.2226585964429286,4.19553587451506,0.7065235409793524,1.9240427011058356,montant_moyen_anormal
48,2299.5122916666664,110376.59,36,75.0,-0.23370780875110433,4.143301453083246,-0.2496174100446295,1.6068223591702737,montant_moyen_anormal
299693,26.953145585649313,8077669.06,0,0.0,5.67850865925482,-0.49561834726995385,5.595500310672594,-0.7262820911945048,nombre_transactions_anormal
205426,26.965541849619814,5539423.4,0,0.0,3.8185513437998173,-0.49559304307732926,3.733343907771072,-0.7262820911945048,nombre_transactions_anormal
