amount_category,transaction_count,total_amount,avg_amount,fraud_count,fraud_rate
0-100,574088,16414479.56,28.59227080168894,1139,0.2
100-500,18391,3387396.9,184.18774944266218,3985,21.67
500-1000,1526,1036380.85,679.1486566186107,1469,96.26
1000-2000,294,391841.71,1332.7949319727893,264,89.8
2000-5000,285,947886.34,3325.9169824561404,284,99.65
>5000,59,353118.37,5985.0571186440675,59,100.0
